# Rectangular, 192kHz sampling rate, cutoff 13kHz, transition bandwidth 2800
0.006193585795996958
0.002143576670835962
-0.002581061136253086
-0.007166607957950215
-0.010766898054846251
-0.012650868699814201
-0.012340044897941813
-0.009711768274031134
-0.005048330460843305
0.000979942058971605
0.007399320312808589
0.013075587459209000
0.016895655667288300
0.017960812752822235
0.015761018118809124
0.010300885805819662
0.002153948521701974
-0.007568254229877957
-0.017333184592923077
-0.025378073500620879
-0.029950168967431891
-0.029563467817218067
-0.023234889870750657
-0.010664261711889418
0.007670709347303303
0.030521949479720263
0.055984222066932765
0.081702082398226725
0.105144886627842410
0.123913856017766333
0.136039935528770806
0.140231811083132041
0.136039935528770806
0.123913856017766333
0.105144886627842410
0.081702082398226725
0.055984222066932765
0.030521949479720263
0.007670709347303303
-0.010664261711889418
-0.023234889870750657
-0.029563467817218067
-0.029950168967431891
-0.025378073500620879
-0.017333184592923077
-0.007568254229877957
0.002153948521701974
0.010300885805819662
0.015761018118809124
0.017960812752822235
0.016895655667288300
0.013075587459209000
0.007399320312808589
0.000979942058971605
-0.005048330460843305
-0.009711768274031134
-0.012340044897941813
-0.012650868699814201
-0.010766898054846251
-0.007166607957950215
-0.002581061136253086
0.002143576670835962
0.006193585795996958
